datetime,Air,water,Humidity,Wet,LDR,Feedback
2018-01-01 00:00:00,1,10,2,0,0,0
2018-01-01 00:05:00,3,10,1,0,0,0
2018-01-01 00:10:00,4,10,2,0,0,0
2018-01-01 00:15:00,2,10,1,0,0,0
2018-01-01 00:20:00,3,10,1,0,0,0
2018-01-01 00:25:00,1,10,2,0,0,0
2018-01-01 00:30:00,3,10,1,0,0,0
2018-01-01 00:35:00,4,10,1,0,0,0
2018-01-01 00:40:00,1,10,2,0,0,0
2018-01-01 00:45:00,2,10,2,0,0,0
2018-01-01 00:50:00,3,10,1,0,0,0
2018-01-01 00:55:00,4,10,1,0,0,0
2018-01-01 01:00:00,4,10,1,0,0,0
2018-01-01 01:05:00,1,10,1,0,0,0
2018-01-01 01:10:00,3,10,2,0,0,0
2018-01-01 01:15:00,1,10,3,0,0,0
2018-01-01 01:20:00,4,10,4,0,0,0
2018-01-01 01:25:00,4,10,3,0,0,0
2018-01-01 01:30:00,3,10,4,0,0,0
2018-01-01 01:35:00,4,10,4,0,0,0
2018-01-01 01:40:00,4,10,4,0,0,0
2018-01-01 01:45:00,4,10,1,0,0,0
2018-01-01 01:50:00,3,10,4,0,0,0
2018-01-01 01:55:00,1,10,4,0,0,0
2018-01-01 02:00:00,3,10,2,0,0,0
2018-01-01 02:05:00,1,10,2,0,0,0
2018-01-01 02:10:00,3,10,3,0,0,0
2018-01-01 02:15:00,3,10,4,0,0,0
2018-01-01 02:20:00,3,10,1,0,0,0
2018-01-01 02:25:00,4,10,2,0,0,0
2018-01-01 02:30:00,4,10,4,0,0,0
2018-01-01 02:35:00,1,10,2,0,0,0
2018-01-01 02:40:00,3,10,2,0,0,0
2018-01-01 02:45:00,3,10,4,0,0,0
2018-01-01 02:50:00,2,10,1,0,0,0
2018-01-01 02:55:00,2,10,4,0,0,0
2018-01-01 03:00:00,3,10,3,0,0,0
2018-01-01 03:05:00,2,10,2,0,0,0
2018-01-01 03:10:00,2,10,4,0,0,0
2018-01-01 03:15:00,2,10,2,0,0,0
2018-01-01 03:20:00,1,10,1,0,0,0
2018-01-01 03:25:00,3,10,3,0,0,0
2018-01-01 03:30:00,4,10,2,0,0,0
2018-01-01 03:35:00,3,10,2,0,0,0
2018-01-01 03:40:00,3,10,2,0,0,0
2018-01-01 03:45:00,2,10,4,0,0,0
2018-01-01 03:50:00,4,10,1,0,0,0
2018-01-01 03:55:00,4,10,2,0,0,0
2018-01-01 04:00:00,2,10,4,0,0,0
2018-01-01 04:05:00,1,10,2,0,0,0
2018-01-01 04:10:00,2,10,3,0,0,0
2018-01-01 04:15:00,2,10,1,0,0,0
2018-01-01 04:20:00,3,10,3,0,0,0
2018-01-01 04:25:00,4,10,4,0,0,0
2018-01-01 04:30:00,3,10,1,0,0,0
2018-01-01 04:35:00,1,10,3,0,0,0
2018-01-01 04:40:00,4,10,2,0,0,0
2018-01-01 04:45:00,1,10,1,0,0,0
2018-01-01 04:50:00,2,10,3,0,0,0
2018-01-01 04:55:00,2,10,1,0,0,0
2018-01-01 05:00:00,1,10,1,0,0,0
2018-01-01 05:05:00,2,10,2,0,0,0
2018-01-01 05:10:00,2,10,3,0,0,0
2018-01-01 05:15:00,1,10,2,0,0,0
2018-01-01 05:20:00,4,10,4,0,0,0
2018-01-01 05:25:00,3,10,2,0,0,0
2018-01-01 05:30:00,2,10,3,0,0,0
2018-01-01 05:35:00,3,10,3,0,0,0
2018-01-01 05:40:00,1,10,2,0,0,0
2018-01-01 05:45:00,2,10,2,0,0,0
2018-01-01 05:50:00,4,10,4,0,0,0
2018-01-01 05:55:00,3,10,1,0,0,0
2018-01-01 06:00:00,7,8,9,0,1,1
2018-01-01 06:05:00,7,8,8,1,0,5
2018-01-01 06:10:00,6,8,9,0,1,1
2018-01-01 06:15:00,9,8,5,1,1,4
2018-01-01 06:20:00,4,8,7,0,0,4
2018-01-01 06:25:00,5,7,7,0,0,3
2018-01-01 06:30:00,5,7,8,0,1,1
2018-01-01 06:35:00,8,9,4,1,1,2
2018-01-01 06:40:00,8,7,7,0,1,5
2018-01-01 06:45:00,9,8,8,1,0,4
2018-01-01 06:50:00,7,9,9,1,1,4
2018-01-01 06:55:00,7,9,7,1,0,5
2018-01-01 07:00:00,8,8,7,1,1,3
2018-01-01 07:05:00,8,7,5,1,0,1
2018-01-01 07:10:00,4,8,6,0,1,5
2018-01-01 07:15:00,4,8,8,0,0,3
2018-01-01 07:20:00,6,7,7,1,1,1
2018-01-01 07:25:00,5,9,5,0,1,5
2018-01-01 07:30:00,6,7,7,1,0,5
2018-01-01 07:35:00,5,7,5,1,0,5
2018-01-01 07:40:00,7,9,9,0,1,4
2018-01-01 07:45:00,5,9,9,1,1,1
2018-01-01 07:50:00,6,7,5,0,0,1
2018-01-01 07:55:00,6,8,9,1,0,1
2018-01-01 08:00:00,8,9,8,1,0,2
2018-01-01 08:05:00,8,9,6,1,1,5
2018-01-01 08:10:00,4,7,6,1,1,3
2018-01-01 08:15:00,7,7,9,0,1,4
2018-01-01 08:20:00,5,8,8,1,1,3
2018-01-01 08:25:00,7,8,5,0,1,3
2018-01-01 08:30:00,4,9,9,0,0,2
2018-01-01 08:35:00,6,7,7,0,0,1
2018-01-01 08:40:00,5,8,4,1,0,1
2018-01-01 08:45:00,6,8,7,0,1,3
2018-01-01 08:50:00,7,9,6,0,1,4
2018-01-01 08:55:00,4,7,7,1,0,1
2018-01-01 09:00:00,4,7,7,1,0,1
2018-01-01 09:05:00,5,7,5,0,1,4
2018-01-01 09:10:00,4,7,9,0,0,3
2018-01-01 09:15:00,8,8,8,0,0,1
2018-01-01 09:20:00,9,7,7,0,1,5
2018-01-01 09:25:00,9,7,8,1,1,3
2018-01-01 09:30:00,8,7,8,0,1,1
2018-01-01 09:35:00,5,7,9,1,0,1
2018-01-01 09:40:00,6,7,4,0,1,5
2018-01-01 09:45:00,7,7,8,1,0,3
2018-01-01 09:50:00,5,9,7,1,0,1
2018-01-01 09:55:00,5,7,9,0,1,3
2018-01-01 10:00:00,9,8,5,0,0,2
2018-01-01 10:05:00,7,7,5,0,1,5
2018-01-01 10:10:00,7,7,9,0,1,1
2018-01-01 10:15:00,7,9,5,0,1,2
2018-01-01 10:20:00,8,8,7,0,1,5
2018-01-01 10:25:00,9,8,6,0,1,5
2018-01-01 10:30:00,8,9,9,0,0,5
2018-01-01 10:35:00,7,7,5,1,1,3
2018-01-01 10:40:00,8,9,7,0,0,5
2018-01-01 10:45:00,9,9,8,0,0,1
2018-01-01 10:50:00,8,8,9,1,0,5
2018-01-01 10:55:00,7,8,9,1,1,5
2018-01-01 11:00:00,6,9,6,1,1,2
2018-01-01 11:05:00,4,8,8,1,0,4
2018-01-01 11:10:00,6,9,6,0,1,4
2018-01-01 11:15:00,9,8,5,1,0,3
2018-01-01 11:20:00,8,9,6,1,1,4
2018-01-01 11:25:00,6,8,5,0,0,1
2018-01-01 11:30:00,9,7,6,1,1,1
2018-01-01 11:35:00,5,9,9,0,1,3
2018-01-01 11:40:00,7,8,5,0,0,4
2018-01-01 11:45:00,8,8,7,1,1,5
2018-01-01 11:50:00,8,7,9,0,0,2
2018-01-01 11:55:00,6,8,9,0,0,4
2018-01-01 12:00:00,3,4,3,0,1,1
2018-01-01 12:05:00,3,5,3,1,0,1
2018-01-01 12:10:00,6,4,3,0,0,1
2018-01-01 12:15:00,4,5,7,1,0,5
2018-01-01 12:20:00,5,5,3,0,0,1
2018-01-01 12:25:00,4,4,4,0,1,1
2018-01-01 12:30:00,7,6,6,1,1,5
2018-01-01 12:35:00,3,4,6,0,1,1
2018-01-01 12:40:00,3,5,6,0,1,4
2018-01-01 12:45:00,4,6,7,0,0,5
2018-01-01 12:50:00,3,5,7,1,1,4
2018-01-01 12:55:00,6,5,3,1,0,3
2018-01-01 13:00:00,4,6,4,1,1,4
2018-01-01 13:05:00,4,5,4,0,0,1
2018-01-01 13:10:00,7,6,6,0,1,5
2018-01-01 13:15:00,4,5,7,0,0,3
2018-01-01 13:20:00,6,4,3,1,0,3
2018-01-01 13:25:00,7,5,4,1,1,4
2018-01-01 13:30:00,5,4,6,0,0,3
2018-01-01 13:35:00,4,5,4,1,1,4
2018-01-01 13:40:00,6,5,7,0,0,1
2018-01-01 13:45:00,3,5,3,1,0,5
2018-01-01 13:50:00,3,6,6,1,0,4
2018-01-01 13:55:00,6,6,4,1,0,3
2018-01-01 14:00:00,6,6,4,1,1,4
2018-01-01 14:05:00,5,5,3,0,0,3
2018-01-01 14:10:00,7,4,4,1,1,4
2018-01-01 14:15:00,4,5,3,0,0,3
2018-01-01 14:20:00,3,5,7,1,1,3
2018-01-01 14:25:00,6,4,3,0,0,5
2018-01-01 14:30:00,5,5,4,0,0,2
2018-01-01 14:35:00,6,6,6,0,1,3
2018-01-01 14:40:00,5,6,3,0,0,5
2018-01-01 14:45:00,6,4,3,0,0,4
2018-01-01 14:50:00,4,5,6,1,1,2
2018-01-01 14:55:00,6,4,5,0,1,2
2018-01-01 15:00:00,3,6,6,0,1,3
2018-01-01 15:05:00,6,5,6,0,0,5
2018-01-01 15:10:00,3,6,4,1,1,3
2018-01-01 15:15:00,6,6,5,1,0,5
2018-01-01 15:20:00,6,4,4,0,1,4
2018-01-01 15:25:00,5,5,7,1,0,4
2018-01-01 15:30:00,4,6,7,0,1,1
2018-01-01 15:35:00,4,5,4,0,0,3
2018-01-01 15:40:00,4,6,5,0,0,1
2018-01-01 15:45:00,6,6,7,0,0,3
2018-01-01 15:50:00,4,4,5,1,0,3
2018-01-01 15:55:00,7,4,4,1,1,3
2018-01-01 16:00:00,7,6,5,0,1,4
2018-01-01 16:05:00,7,4,3,0,1,1
2018-01-01 16:10:00,7,4,5,0,0,4
2018-01-01 16:15:00,5,4,5,1,0,1
2018-01-01 16:20:00,4,6,7,1,0,4
2018-01-01 16:25:00,3,4,6,0,0,4
2018-01-01 16:30:00,3,6,7,0,0,5
2018-01-01 16:35:00,7,6,5,0,1,1
2018-01-01 16:40:00,4,5,5,1,1,5
2018-01-01 16:45:00,4,4,7,0,1,2
2018-01-01 16:50:00,7,4,7,1,0,2
2018-01-01 16:55:00,6,5,5,1,1,1
2018-01-01 17:00:00,6,6,3,1,1,4
2018-01-01 17:05:00,4,4,3,0,1,2
2018-01-01 17:10:00,7,6,6,1,0,2
2018-01-01 17:15:00,5,6,5,1,0,1
2018-01-01 17:20:00,6,4,4,0,1,4
2018-01-01 17:25:00,3,5,4,1,0,4
2018-01-01 17:30:00,4,6,7,1,1,1
2018-01-01 17:35:00,5,4,3,0,1,3
2018-01-01 17:40:00,5,6,7,0,0,2
2018-01-01 17:45:00,7,4,5,0,0,3
2018-01-01 17:50:00,6,5,6,0,1,1
2018-01-01 17:55:00,3,5,5,0,1,2
2018-01-01 18:00:00,4,4,9,0,1,3
2018-01-01 18:05:00,7,6,7,1,1,2
2018-01-01 18:10:00,5,6,6,1,1,2
2018-01-01 18:15:00,4,5,9,1,1,4
2018-01-01 18:20:00,9,5,6,1,0,2
2018-01-01 18:25:00,7,4,9,1,1,5
2018-01-01 18:30:00,6,6,7,1,0,2
2018-01-01 18:35:00,4,5,5,1,0,1
2018-01-01 18:40:00,8,4,7,1,0,3
2018-01-01 18:45:00,7,4,9,0,1,4
2018-01-01 18:50:00,4,4,8,1,0,4
2018-01-01 18:55:00,9,6,4,1,0,3
2018-01-01 19:00:00,8,6,7,1,0,1
2018-01-01 19:05:00,5,4,7,1,0,4
2018-01-01 19:10:00,6,4,9,1,1,2
2018-01-01 19:15:00,8,5,9,1,0,3
2018-01-01 19:20:00,9,6,6,0,1,2
2018-01-01 19:25:00,9,4,8,1,1,3
2018-01-01 19:30:00,4,4,7,1,0,3
2018-01-01 19:35:00,5,6,9,0,1,5
2018-01-01 19:40:00,6,4,8,0,1,4
2018-01-01 19:45:00,5,4,5,1,0,5
2018-01-01 19:50:00,7,6,8,1,0,4
2018-01-01 19:55:00,6,6,4,0,1,3
2018-01-01 20:00:00,4,6,5,0,1,1
2018-01-01 20:05:00,6,6,5,0,1,4
2018-01-01 20:10:00,5,6,7,0,0,1
2018-01-01 20:15:00,9,5,5,0,0,5
2018-01-01 20:20:00,9,6,6,1,1,4
2018-01-01 20:25:00,8,6,9,1,0,3
2018-01-01 20:30:00,7,4,9,0,0,1
2018-01-01 20:35:00,5,5,5,0,0,2
2018-01-01 20:40:00,8,5,5,0,0,5
2018-01-01 20:45:00,7,6,4,1,1,3
2018-01-01 20:50:00,5,5,7,1,0,2
2018-01-01 20:55:00,8,6,4,1,0,1
2018-01-01 21:00:00,5,6,5,1,1,3
2018-01-01 21:05:00,4,5,6,0,1,4
2018-01-01 21:10:00,5,6,5,0,1,2
2018-01-01 21:15:00,5,5,5,1,0,4
2018-01-01 21:20:00,7,4,8,1,1,4
2018-01-01 21:25:00,4,6,7,0,1,1
2018-01-01 21:30:00,9,5,4,0,1,5
2018-01-01 21:35:00,4,4,9,0,1,3
2018-01-01 21:40:00,8,4,9,1,1,1
2018-01-01 21:45:00,4,5,7,1,0,2
2018-01-01 21:50:00,4,6,7,1,1,3
2018-01-01 21:55:00,8,5,4,1,0,3
2018-01-01 22:00:00,8,4,4,1,1,3
2018-01-01 22:05:00,8,4,8,0,0,1
2018-01-01 22:10:00,7,6,9,0,0,4
2018-01-01 22:15:00,8,5,7,0,0,3
2018-01-01 22:20:00,8,5,6,1,1,1
2018-01-01 22:25:00,6,5,8,0,0,4
2018-01-01 22:30:00,8,5,7,1,0,3
2018-01-01 22:35:00,4,5,8,0,1,4
2018-01-01 22:40:00,8,6,4,1,0,2
2018-01-01 22:45:00,7,4,5,1,0,5
2018-01-01 22:50:00,8,4,7,0,0,1
2018-01-01 22:55:00,8,6,9,1,0,4
2018-01-01 23:00:00,8,6,8,0,1,3
2018-01-01 23:05:00,4,4,8,1,1,1
2018-01-01 23:10:00,7,5,5,0,0,5
2018-01-01 23:15:00,8,4,4,1,1,1
2018-01-01 23:20:00,9,5,8,1,1,2
2018-01-01 23:25:00,9,6,5,1,0,5
2018-01-01 23:30:00,6,5,4,1,1,5
2018-01-01 23:35:00,6,6,8,0,0,4
2018-01-01 23:40:00,7,6,8,1,0,5
2018-01-01 23:45:00,5,5,4,0,1,1
2018-01-01 23:50:00,4,5,8,1,1,5
2018-01-01 23:55:00,6,4,6,1,0,4
2018-01-02 00:00:00,1,10,1,0,0,0
2018-01-02 00:05:00,2,10,1,0,0,0
2018-01-02 00:10:00,3,10,3,0,0,0
2018-01-02 00:15:00,3,10,3,0,0,0
2018-01-02 00:20:00,1,10,1,0,0,0
2018-01-02 00:25:00,3,10,3,0,0,0
2018-01-02 00:30:00,2,10,4,0,0,0
2018-01-02 00:35:00,3,10,2,0,0,0
2018-01-02 00:40:00,4,10,1,0,0,0
2018-01-02 00:45:00,1,10,1,0,0,0
2018-01-02 00:50:00,1,10,3,0,0,0
2018-01-02 00:55:00,2,10,4,0,0,0
2018-01-02 01:00:00,1,10,4,0,0,0
2018-01-02 01:05:00,1,10,4,0,0,0
2018-01-02 01:10:00,1,10,4,0,0,0
2018-01-02 01:15:00,4,10,3,0,0,0
2018-01-02 01:20:00,2,10,2,0,0,0
2018-01-02 01:25:00,4,10,3,0,0,0
2018-01-02 01:30:00,3,10,2,0,0,0
2018-01-02 01:35:00,4,10,1,0,0,0
2018-01-02 01:40:00,3,10,2,0,0,0
2018-01-02 01:45:00,2,10,1,0,0,0
2018-01-02 01:50:00,2,10,2,0,0,0
2018-01-02 01:55:00,2,10,3,0,0,0
2018-01-02 02:00:00,1,10,2,0,0,0
2018-01-02 02:05:00,4,10,1,0,0,0
2018-01-02 02:10:00,1,10,3,0,0,0
2018-01-02 02:15:00,2,10,2,0,0,0
2018-01-02 02:20:00,2,10,3,0,0,0
2018-01-02 02:25:00,2,10,3,0,0,0
2018-01-02 02:30:00,1,10,2,0,0,0
2018-01-02 02:35:00,3,10,3,0,0,0
2018-01-02 02:40:00,3,10,2,0,0,0
2018-01-02 02:45:00,2,10,3,0,0,0
2018-01-02 02:50:00,1,10,4,0,0,0
2018-01-02 02:55:00,1,10,2,0,0,0
2018-01-02 03:00:00,4,10,4,0,0,0
2018-01-02 03:05:00,2,10,4,0,0,0
2018-01-02 03:10:00,1,10,2,0,0,0
2018-01-02 03:15:00,4,10,3,0,0,0
2018-01-02 03:20:00,1,10,4,0,0,0
2018-01-02 03:25:00,1,10,3,0,0,0
2018-01-02 03:30:00,4,10,2,0,0,0
2018-01-02 03:35:00,2,10,3,0,0,0
2018-01-02 03:40:00,1,10,2,0,0,0
2018-01-02 03:45:00,2,10,1,0,0,0
2018-01-02 03:50:00,4,10,2,0,0,0
2018-01-02 03:55:00,3,10,1,0,0,0
2018-01-02 04:00:00,3,10,3,0,0,0
2018-01-02 04:05:00,2,10,4,0,0,0
2018-01-02 04:10:00,1,10,2,0,0,0
2018-01-02 04:15:00,4,10,3,0,0,0
2018-01-02 04:20:00,1,10,1,0,0,0
2018-01-02 04:25:00,2,10,4,0,0,0
2018-01-02 04:30:00,2,10,2,0,0,0
2018-01-02 04:35:00,4,10,3,0,0,0
2018-01-02 04:40:00,4,10,2,0,0,0
2018-01-02 04:45:00,3,10,4,0,0,0
2018-01-02 04:50:00,3,10,1,0,0,0
2018-01-02 04:55:00,2,10,4,0,0,0
2018-01-02 05:00:00,1,10,2,0,0,0
2018-01-02 05:05:00,1,10,2,0,0,0
2018-01-02 05:10:00,4,10,2,0,0,0
2018-01-02 05:15:00,3,10,2,0,0,0
2018-01-02 05:20:00,2,10,3,0,0,0
2018-01-02 05:25:00,2,10,1,0,0,0
2018-01-02 05:30:00,1,10,2,0,0,0
2018-01-02 05:35:00,1,10,4,0,0,0
2018-01-02 05:40:00,1,10,3,0,0,0
2018-01-02 05:45:00,1,10,1,0,0,0
2018-01-02 05:50:00,3,10,1,0,0,0
2018-01-02 05:55:00,3,10,2,0,0,0
2018-01-02 06:00:00,4,7,6,1,1,2
2018-01-02 06:05:00,4,7,8,1,1,3
2018-01-02 06:10:00,8,7,7,1,1,2
2018-01-02 06:15:00,4,9,6,1,0,1
2018-01-02 06:20:00,4,7,6,1,0,5
2018-01-02 06:25:00,6,8,6,1,1,5
2018-01-02 06:30:00,4,7,8,0,1,1
2018-01-02 06:35:00,8,9,8,0,0,1
2018-01-02 06:40:00,8,9,4,0,0,3
2018-01-02 06:45:00,7,9,9,0,1,1
2018-01-02 06:50:00,4,8,9,1,1,5
2018-01-02 06:55:00,5,8,6,1,1,4
2018-01-02 07:00:00,7,7,6,0,0,5
2018-01-02 07:05:00,5,9,4,1,1,5
2018-01-02 07:10:00,7,8,7,0,0,4
2018-01-02 07:15:00,9,8,9,1,0,5
2018-01-02 07:20:00,6,7,9,0,1,5
2018-01-02 07:25:00,5,9,6,1,0,3
2018-01-02 07:30:00,6,9,8,0,1,4
2018-01-02 07:35:00,8,7,8,0,0,4
2018-01-02 07:40:00,9,7,7,1,0,4
2018-01-02 07:45:00,5,8,6,0,0,1
2018-01-02 07:50:00,8,7,4,0,0,5
2018-01-02 07:55:00,8,7,8,1,0,4
2018-01-02 08:00:00,9,9,5,0,1,1
2018-01-02 08:05:00,7,7,6,0,0,2
2018-01-02 08:10:00,9,8,6,0,0,5
2018-01-02 08:15:00,9,7,9,0,0,1
2018-01-02 08:20:00,4,8,8,1,1,1
2018-01-02 08:25:00,5,8,9,0,1,1
2018-01-02 08:30:00,6,8,7,1,1,1
2018-01-02 08:35:00,9,7,4,1,0,5
2018-01-02 08:40:00,9,8,7,0,0,5
2018-01-02 08:45:00,4,8,5,0,0,1
2018-01-02 08:50:00,4,7,7,1,0,5
2018-01-02 08:55:00,9,7,5,1,1,2
2018-01-02 09:00:00,6,8,7,1,0,3
2018-01-02 09:05:00,9,9,7,1,1,3
2018-01-02 09:10:00,5,7,9,0,1,2
2018-01-02 09:15:00,4,7,4,0,0,2
2018-01-02 09:20:00,9,7,5,0,1,5
2018-01-02 09:25:00,6,8,8,1,1,3
2018-01-02 09:30:00,9,9,5,0,0,4
2018-01-02 09:35:00,7,8,8,0,0,3
2018-01-02 09:40:00,8,9,9,1,0,4
2018-01-02 09:45:00,6,9,7,0,1,4
2018-01-02 09:50:00,6,7,7,0,0,2
2018-01-02 09:55:00,8,9,9,0,0,3
2018-01-02 10:00:00,9,9,8,1,0,1
2018-01-02 10:05:00,7,9,8,1,1,1
2018-01-02 10:10:00,7,7,5,1,1,3
2018-01-02 10:15:00,7,8,4,1,1,3
2018-01-02 10:20:00,7,7,5,0,0,5
2018-01-02 10:25:00,9,9,8,0,0,4
2018-01-02 10:30:00,7,9,5,0,0,1
2018-01-02 10:35:00,8,8,5,1,0,1
2018-01-02 10:40:00,7,7,4,1,1,3
2018-01-02 10:45:00,5,8,5,0,0,3
2018-01-02 10:50:00,4,8,8,0,1,1
2018-01-02 10:55:00,8,9,8,0,1,5
2018-01-02 11:00:00,6,9,5,1,0,2
2018-01-02 11:05:00,9,9,7,0,0,1
2018-01-02 11:10:00,6,8,4,0,1,3
2018-01-02 11:15:00,6,9,5,1,1,4
2018-01-02 11:20:00,8,7,7,0,1,3
2018-01-02 11:25:00,4,7,5,1,1,4
2018-01-02 11:30:00,4,7,9,0,1,2
2018-01-02 11:35:00,8,7,6,0,0,2
2018-01-02 11:40:00,9,7,8,1,1,3
2018-01-02 11:45:00,5,7,8,1,0,5
2018-01-02 11:50:00,6,9,5,0,1,2
2018-01-02 11:55:00,5,7,9,1,1,3
2018-01-02 12:00:00,3,6,7,1,1,2
2018-01-02 12:05:00,6,6,4,1,1,4
2018-01-02 12:10:00,5,5,4,1,0,2
2018-01-02 12:15:00,6,4,6,1,1,5
2018-01-02 12:20:00,3,5,3,0,0,2
2018-01-02 12:25:00,6,6,6,0,1,4
2018-01-02 12:30:00,6,5,5,1,1,4
2018-01-02 12:35:00,7,4,4,1,0,4
2018-01-02 12:40:00,4,4,3,1,1,3
2018-01-02 12:45:00,4,6,5,0,1,4
2018-01-02 12:50:00,4,4,7,0,1,5
2018-01-02 12:55:00,4,5,6,0,1,5
2018-01-02 13:00:00,5,5,4,0,1,1
2018-01-02 13:05:00,7,4,7,1,1,2
2018-01-02 13:10:00,5,6,7,0,0,5
2018-01-02 13:15:00,6,6,7,1,0,4
2018-01-02 13:20:00,5,5,3,1,1,3
2018-01-02 13:25:00,4,5,4,0,1,5
2018-01-02 13:30:00,6,6,7,1,0,2
2018-01-02 13:35:00,6,4,4,1,0,5
2018-01-02 13:40:00,7,4,4,0,1,2
2018-01-02 13:45:00,6,5,7,1,1,2
2018-01-02 13:50:00,3,5,4,1,1,1
2018-01-02 13:55:00,3,5,5,0,1,5
2018-01-02 14:00:00,3,6,6,0,0,2
2018-01-02 14:05:00,7,5,5,0,1,2
2018-01-02 14:10:00,4,5,5,0,0,3
2018-01-02 14:15:00,5,4,4,1,0,2
2018-01-02 14:20:00,5,5,7,1,0,3
2018-01-02 14:25:00,3,6,5,0,1,5
2018-01-02 14:30:00,5,6,7,1,0,1
2018-01-02 14:35:00,7,6,5,1,0,3
2018-01-02 14:40:00,4,6,4,1,1,5
2018-01-02 14:45:00,3,6,3,1,0,4
2018-01-02 14:50:00,4,6,7,1,1,3
2018-01-02 14:55:00,3,5,4,0,1,2
2018-01-02 15:00:00,4,4,5,0,1,2
2018-01-02 15:05:00,6,6,5,0,1,5
2018-01-02 15:10:00,4,4,5,1,0,1
2018-01-02 15:15:00,3,5,5,0,0,5
2018-01-02 15:20:00,6,4,5,1,0,1
2018-01-02 15:25:00,5,5,3,0,1,1
2018-01-02 15:30:00,5,4,4,1,1,3
2018-01-02 15:35:00,7,5,7,1,1,4
2018-01-02 15:40:00,5,4,4,0,1,2
2018-01-02 15:45:00,3,6,4,0,1,5
2018-01-02 15:50:00,7,5,3,0,1,1
2018-01-02 15:55:00,6,5,7,1,0,2
2018-01-02 16:00:00,6,4,5,0,0,2
2018-01-02 16:05:00,4,6,4,1,1,1
2018-01-02 16:10:00,6,6,5,0,1,1
2018-01-02 16:15:00,6,4,6,1,1,4
2018-01-02 16:20:00,3,4,5,1,0,1
2018-01-02 16:25:00,6,5,5,0,0,2
2018-01-02 16:30:00,4,5,3,1,0,5
2018-01-02 16:35:00,5,4,4,1,0,2
2018-01-02 16:40:00,3,5,5,0,0,4
2018-01-02 16:45:00,5,5,3,0,1,4
2018-01-02 16:50:00,6,4,6,0,1,1
2018-01-02 16:55:00,5,4,6,0,0,1
2018-01-02 17:00:00,4,5,4,1,1,4
2018-01-02 17:05:00,6,6,7,0,1,2
2018-01-02 17:10:00,3,6,7,0,1,3
2018-01-02 17:15:00,3,5,7,1,0,3
2018-01-02 17:20:00,4,4,4,0,0,1
2018-01-02 17:25:00,5,4,5,0,1,4
2018-01-02 17:30:00,7,5,3,1,1,4
2018-01-02 17:35:00,5,4,5,0,0,5
2018-01-02 17:40:00,6,6,6,1,1,4
2018-01-02 17:45:00,5,4,6,1,0,1
2018-01-02 17:50:00,7,6,4,1,0,1
2018-01-02 17:55:00,7,4,3,0,1,4
2018-01-02 18:00:00,4,6,5,1,0,2
2018-01-02 18:05:00,6,5,7,0,1,3
2018-01-02 18:10:00,9,5,5,1,0,4
2018-01-02 18:15:00,9,5,5,1,1,3
2018-01-02 18:20:00,8,6,4,1,1,5
2018-01-02 18:25:00,5,6,8,1,0,5
2018-01-02 18:30:00,9,4,7,0,0,3
2018-01-02 18:35:00,5,5,7,1,0,3
2018-01-02 18:40:00,7,6,5,1,0,2
2018-01-02 18:45:00,9,5,4,0,0,5
2018-01-02 18:50:00,5,5,6,0,1,3
2018-01-02 18:55:00,9,5,9,0,1,1
2018-01-02 19:00:00,5,5,8,1,1,5
2018-01-02 19:05:00,4,6,4,0,1,3
2018-01-02 19:10:00,9,6,6,0,0,2
2018-01-02 19:15:00,4,4,6,1,1,1
2018-01-02 19:20:00,9,4,6,0,0,3
2018-01-02 19:25:00,7,4,6,1,0,4
2018-01-02 19:30:00,9,4,9,0,1,3
2018-01-02 19:35:00,5,6,5,1,1,2
2018-01-02 19:40:00,7,4,8,0,0,5
2018-01-02 19:45:00,7,5,4,1,0,2
2018-01-02 19:50:00,7,4,6,0,1,4
2018-01-02 19:55:00,6,5,8,1,1,3
2018-01-02 20:00:00,4,4,7,1,1,5
2018-01-02 20:05:00,5,6,6,1,1,2
2018-01-02 20:10:00,5,6,5,0,0,4
2018-01-02 20:15:00,9,4,4,1,0,2
2018-01-02 20:20:00,7,5,8,0,1,2
2018-01-02 20:25:00,9,4,4,0,1,2
2018-01-02 20:30:00,8,4,7,1,0,2
2018-01-02 20:35:00,7,4,5,0,0,5
2018-01-02 20:40:00,9,4,5,0,0,3
2018-01-02 20:45:00,5,5,9,0,1,2
2018-01-02 20:50:00,4,6,7,1,0,1
2018-01-02 20:55:00,7,5,5,0,1,4
2018-01-02 21:00:00,6,6,4,0,1,2
2018-01-02 21:05:00,9,5,7,1,0,3
2018-01-02 21:10:00,4,4,8,0,1,1
2018-01-02 21:15:00,6,5,9,1,0,1
2018-01-02 21:20:00,4,5,7,0,0,2
2018-01-02 21:25:00,8,5,7,1,1,5
2018-01-02 21:30:00,9,4,7,1,1,5
2018-01-02 21:35:00,5,5,6,1,1,5
2018-01-02 21:40:00,7,5,4,1,0,3
2018-01-02 21:45:00,8,6,4,0,0,2
2018-01-02 21:50:00,4,6,9,1,0,4
2018-01-02 21:55:00,7,5,4,0,0,2
2018-01-02 22:00:00,5,4,7,0,1,1
2018-01-02 22:05:00,7,6,8,1,0,5
2018-01-02 22:10:00,7,4,4,1,0,5
2018-01-02 22:15:00,5,6,7,0,0,2
2018-01-02 22:20:00,4,4,9,1,1,4
2018-01-02 22:25:00,4,4,8,0,0,1
2018-01-02 22:30:00,5,5,6,0,1,1
2018-01-02 22:35:00,5,6,9,1,0,1
2018-01-02 22:40:00,6,6,6,1,0,4
2018-01-02 22:45:00,7,4,7,0,0,5
2018-01-02 22:50:00,5,5,7,0,0,4
2018-01-02 22:55:00,7,5,8,0,0,5
2018-01-02 23:00:00,8,6,7,0,0,1
2018-01-02 23:05:00,9,4,5,0,1,3
2018-01-02 23:10:00,8,4,6,1,1,1
2018-01-02 23:15:00,7,5,4,0,1,1
2018-01-02 23:20:00,7,6,7,1,1,5
2018-01-02 23:25:00,5,5,5,0,1,4
2018-01-02 23:30:00,4,6,6,1,1,5
2018-01-02 23:35:00,9,5,7,1,0,4
2018-01-02 23:40:00,6,5,6,0,1,5
2018-01-02 23:45:00,8,4,7,0,1,3
2018-01-02 23:50:00,8,4,9,1,0,2
2018-01-02 23:55:00,7,4,4,1,0,3
